
INSERT INTO 药品信息 (药品编号 ,药品名称 ,药品分类 ,药品规格 ,包装规格,制造商编号,有效期,进药单价 ,卖药单价,库存 )
VALUES('10001','蒙脱石散','散剂','3g*10袋','盒','11','24','20','25','100'),
('10002','胃肠宁','片剂','0.3g*18片*2板','盒','12','12','10','15','25'),
('10003','止咳剂','糖浆剂','100ml','瓶','11','24','11','17','20'),
('10004','四神丸','丸剂','60g','袋','13','18','5','9','15'),
('10005','感冒颗粒','颗粒剂','15g*15袋','盒','14','18','11','18','15'),
('10006','止痛胶囊','胶囊型','0.5g*18粒*3板','盒','14','24','30','42','15'),
('10007','脉管复康片','片','0.6g*18片','盒','12','24','32','45','15'),
('10008','积雪苷霜软膏','膏状','10克','支','15','24','12','18','15'),
('10009','复方大青叶合剂','水剂','10毫升*8','盒','16','6','23','32','15'),
('10010','甘露聚糖肽片','片','5mg*12','盒','17','24','45','54','15')


INSERT INTO 制造商信息(名称,省份编号,详细地址,编号,联系电话) 
VALUES('山东岳草堂药业有限公司','','山东济南','16','11115678901'),
('浙江瑞邦药业有限公司','6','浙江杭州','17','12225678901'),
('华润三九药业有限公司','1','广东广州','11','12345678901'),
('桂林制药有限公司','4','贵州桂林','12','12345678999'),
('江苏恒瑞有限公司','2','江苏苏州','13','12345678901'),
('辉瑞制药有限公司','5','美国华盛顿','14','12345671111'),
('福州海王制药有限公司','3','福建福州','15','12345666666')



INSERT INTO 操作员信息(操作员编号,姓名,性别,联系电话)
VALUES('101','李梅','0','12342343543'),
('102','张强','1','17684234354'),
('103','刘五','1','12873443543')

INSERT INTO 采购计划 (药品编号,制造商编号,药品名称,药品数量,药品单位,进药单价,卖药单价 )
VALUES('10001','11','蒙脱石散','100','盒','20','25'),
('10002','12','胃肠宁','300','盒','10','15'),
('10003','11','止咳剂','200','瓶','11','17')

INSERT INTO 药品出库表(出库编号,药品编号,出库数量,出库时间,操作员)
VALUES('3001','10001','20','2018.5.20','刘五'),
('3002','10006','10','2018.6.5','李梅'),
('3003','10007','15','2018.7.10','张强')


INSERT INTO 药品调价表(流水编号,药品编号,调后售价,调价时间,操作员)
VALUES('4001','10001','26','2018.5.21','刘五')

INSERT INTO 药品入库表(入库编号,药品编号,入库数量,入库时间,有效期至,操作员)
VALUES('yprk20170901001','10002','340','2017/9/1 20:57','2018/9/1 0:00:00 ','李梅'),
('yprk20171205002','10003','500','2018/12/10 20:52','2020/12/10 0:00:00','张三'),
('yprk20180301001','10005','100','2018/3/1 20:57','2020/3/1 0:00:00','李梅'),
('yprk20180412001','10004','300','2018/4/12 20:57','2019/10/12 0:00:00','张三')

INSERT INTO 包装单位(编号,单位)
VALUES('1','盒'),
('2','瓶'),
('3','袋')

INSERT INTO 制造商信息(名称,省份编号,详细地址 ,编号 ,联系电话) 
VALUES('华润三九药业有限公司','1','广东广州','11','12345678901'),
('桂林制药有限公司','4','贵州桂林','12','12345678999'),
('江苏恒瑞有限公司','2','江苏苏州','13','12345678901'),
('辉瑞制药有限公司','5','美国华盛顿','14','12345671111'),
('福州海王制药有限公司','3','福建福州','15','12345666666')


INSERT INTO 国家(国家编号,名称)
VALUES('1','中国'),
('2','美国'),
('3','日本'),
('4','德国'),
('5','印度')

INSERT INTO 省份(省份编号,名称,国家编号)
VALUES('1','广东','1'),
('2','江苏','1'),
('3','福建','1'),
('4','贵州','1'),
('6','浙江','1'),
('5','华盛顿','2')

